insert into role_types (id, name) values ('d6ccfc2b-e1cc-4ee9-9f76-794cce1c6ae0', 'USER');
insert into role_types (id, name) values ('d6ccfc2b-e1cc-4ee9-9f76-794cce1c6ae1', 'ADMIN');

insert into training_levels(id, display_name, name, koef) values ('d6ccfc2b-e1cc-4ee9-9f76-794cce1c6ae3', 'Beginner', 'BEGINNER', 0.8);
insert into training_levels(id, display_name, name, koef) values ('d6ccfc2b-e1cc-4ee9-9f76-794cce1c6ae4', 'Intermediate', 'INTERMEDIATE', 1.0);
insert into training_levels(id, display_name, name, koef) values ('d6ccfc2b-e1cc-4ee9-9f76-794cce1c6ae5', 'Advanced', 'ADVANCED', 1.2);

INSERT INTO public.base_sets (kg, position, reps, id) VALUES (10, 1, 15, 'ee3f008e-7b92-41fc-a20d-324b822fe001');
INSERT INTO public.base_sets (kg, position, reps, id) VALUES (15, 2, 12, '63ef050f-66a9-4649-add1-fe8ef27cf107');
INSERT INTO public.base_sets (kg, position, reps, id) VALUES (20, 3, 10, '27eb9c6b-5fdf-4b28-95c4-79ade5e0a94e');
INSERT INTO public.base_sets (kg, position, reps, id) VALUES (30, 4, 18, '61cafa3c-2378-4074-8672-1c844f701f19');

INSERT INTO public.base_exercises (id, description, main_image, mini_image, name, video_url) VALUES ('f3f0359f-b942-45d0-bb90-d091c607b4e4',  'description1', null, null, 'На біцепс', 'https://www.youtube.com/watch?v=MWNmDQHGgkc&ab_channel=%D0%A3%D0%A2-2');
INSERT INTO public.base_exercises (id, description, main_image, mini_image, name, video_url) VALUES ('da8d22a0-d9a2-4a52-928e-a931ac12251b',  'description1', null, null, 'На груди', 'https://www.youtube.com/watch?v=MWNmDQHGgkc&ab_channel=%D0%A3%D0%A2-2');
INSERT INTO public.base_exercises (id, description, main_image, mini_image, name, video_url) VALUES ('1ff2faa5-0c74-4fd8-b46c-29a8f856c866',  'description1', null, null, 'На спину', 'https://www.youtube.com/watch?v=MWNmDQHGgkc&ab_channel=%D0%A3%D0%A2-2');

INSERT INTO public.base_ex_to_position (position, base_ex_id, id) VALUES (1, 'f3f0359f-b942-45d0-bb90-d091c607b4e4', 'c16b49b8-a9ab-4532-985c-736aea711387');
INSERT INTO public.base_ex_to_position (position, base_ex_id, id) VALUES (2, 'da8d22a0-d9a2-4a52-928e-a931ac12251b', '1a5fdf39-ee99-47d3-b67f-70f4fdcedd86');
INSERT INTO public.base_ex_to_position (position, base_ex_id, id) VALUES (3, '1ff2faa5-0c74-4fd8-b46c-29a8f856c866', 'f8873fe1-9419-403b-a040-5193435ca6e6');

INSERT INTO public.base_ex_to_position_base_sets (base_ex_to_position_id, base_set_id) VALUES ('c16b49b8-a9ab-4532-985c-736aea711387', 'ee3f008e-7b92-41fc-a20d-324b822fe001');
INSERT INTO public.base_ex_to_position_base_sets (base_ex_to_position_id, base_set_id) VALUES ('c16b49b8-a9ab-4532-985c-736aea711387', '63ef050f-66a9-4649-add1-fe8ef27cf107');
INSERT INTO public.base_ex_to_position_base_sets (base_ex_to_position_id, base_set_id) VALUES ('c16b49b8-a9ab-4532-985c-736aea711387', '27eb9c6b-5fdf-4b28-95c4-79ade5e0a94e');
INSERT INTO public.base_ex_to_position_base_sets (base_ex_to_position_id, base_set_id) VALUES ('c16b49b8-a9ab-4532-985c-736aea711387', '61cafa3c-2378-4074-8672-1c844f701f19');
INSERT INTO public.base_ex_to_position_base_sets (base_ex_to_position_id, base_set_id) VALUES ('1a5fdf39-ee99-47d3-b67f-70f4fdcedd86', 'ee3f008e-7b92-41fc-a20d-324b822fe001');
INSERT INTO public.base_ex_to_position_base_sets (base_ex_to_position_id, base_set_id) VALUES ('1a5fdf39-ee99-47d3-b67f-70f4fdcedd86', '63ef050f-66a9-4649-add1-fe8ef27cf107');
INSERT INTO public.base_ex_to_position_base_sets (base_ex_to_position_id, base_set_id) VALUES ('1a5fdf39-ee99-47d3-b67f-70f4fdcedd86', '27eb9c6b-5fdf-4b28-95c4-79ade5e0a94e');
INSERT INTO public.base_ex_to_position_base_sets (base_ex_to_position_id, base_set_id) VALUES ('1a5fdf39-ee99-47d3-b67f-70f4fdcedd86', '61cafa3c-2378-4074-8672-1c844f701f19');
INSERT INTO public.base_ex_to_position_base_sets (base_ex_to_position_id, base_set_id) VALUES ('f8873fe1-9419-403b-a040-5193435ca6e6', 'ee3f008e-7b92-41fc-a20d-324b822fe001');
INSERT INTO public.base_ex_to_position_base_sets (base_ex_to_position_id, base_set_id) VALUES ('f8873fe1-9419-403b-a040-5193435ca6e6', '63ef050f-66a9-4649-add1-fe8ef27cf107');
INSERT INTO public.base_ex_to_position_base_sets (base_ex_to_position_id, base_set_id) VALUES ('f8873fe1-9419-403b-a040-5193435ca6e6', '27eb9c6b-5fdf-4b28-95c4-79ade5e0a94e');
INSERT INTO public.base_ex_to_position_base_sets (base_ex_to_position_id, base_set_id) VALUES ('f8873fe1-9419-403b-a040-5193435ca6e6', '61cafa3c-2378-4074-8672-1c844f701f19');

INSERT INTO public.base_trainings (id, description, name) VALUES ('32c223ea-0918-42a3-af3e-d28c55c2dc4f', 'description', 'Сет з 3 вправ');

INSERT INTO public.base_training_base_ex_to_position (base_ex_to_position, base_training_id) VALUES ('c16b49b8-a9ab-4532-985c-736aea711387', '32c223ea-0918-42a3-af3e-d28c55c2dc4f');
INSERT INTO public.base_training_base_ex_to_position (base_ex_to_position, base_training_id) VALUES ('1a5fdf39-ee99-47d3-b67f-70f4fdcedd86', '32c223ea-0918-42a3-af3e-d28c55c2dc4f');
INSERT INTO public.base_training_base_ex_to_position (base_ex_to_position, base_training_id) VALUES ('f8873fe1-9419-403b-a040-5193435ca6e6', '32c223ea-0918-42a3-af3e-d28c55c2dc4f');

INSERT INTO public.users (age, last_login, weight, id, training_level_id, email, first_name, gender, last_name, password, days_per_week, height, base_training_id) VALUES (21, '2025-05-28 17:17:59.464040 +00:00', 85, '626fc8ef-4b13-4b2d-80a7-55b41f971939', 'd6ccfc2b-e1cc-4ee9-9f76-794cce1c6ae5', 'root1@root.root', 'John', 'MALE', 'Doe', '$2a$10$WKljzEyVPub/5Q6vHp0RA.xV0SXPDF5j3yJvTMNWzSOdE7AFFCxBy', 3, 185, '32c223ea-0918-42a3-af3e-d28c55c2dc4f');
insert into users_role_types(role_type_id, user_id) values ('d6ccfc2b-e1cc-4ee9-9f76-794cce1c6ae0', '626fc8ef-4b13-4b2d-80a7-55b41f971939');
insert into users_role_types(role_type_id, user_id) values ('d6ccfc2b-e1cc-4ee9-9f76-794cce1c6ae1', '626fc8ef-4b13-4b2d-80a7-55b41f971939');

insert into tr_status(id, display_name, name) values ('d6ccfc2b-e1cc-4ee9-9f76-794cce1c6ae6', 'Planning', 'PLANING');
insert into tr_status(id, display_name, name) values ('d6ccfc2b-e1cc-4ee9-9f76-794cce1c6ae7', 'In Progress', 'IN_PROGRESS');
insert into tr_status(id, display_name, name) values ('d6ccfc2b-e1cc-4ee9-9f76-794cce1c6ae8', 'Completed', 'COMPLETED');

INSERT INTO public.base_sets_history (kg, position, reps, id) VALUES (15, 1, 15, '8f95fcdd-148c-408b-9d60-84cdb2a47f00');
INSERT INTO public.base_sets_history (kg, position, reps, id) VALUES (22, 2, 12, '312218ca-18ef-4f17-89be-94010ac9407e');
INSERT INTO public.base_sets_history (kg, position, reps, id) VALUES (29, 3, 10, '8bd824bb-6df3-4340-b9f3-60dbd4254db5');
INSERT INTO public.base_sets_history (kg, position, reps, id) VALUES (44, 4, 18, 'c5382eac-db68-4bd2-bf6b-fb82fdedb9c6');
INSERT INTO public.base_sets_history (kg, position, reps, id) VALUES (15, 1, 15, 'b3aa7547-ae91-424b-8025-b842ee46b4e4');
INSERT INTO public.base_sets_history (kg, position, reps, id) VALUES (22, 2, 12, '7b7aca93-1e4c-4428-bad4-e9f5ed7835c2');
INSERT INTO public.base_sets_history (kg, position, reps, id) VALUES (29, 3, 10, 'c56b6476-2202-4a96-a9e9-bf3ddb818ac0');
INSERT INTO public.base_sets_history (kg, position, reps, id) VALUES (44, 4, 18, '8591dac6-2b50-46c5-a58b-7b30344a41ab');
INSERT INTO public.base_sets_history (kg, position, reps, id) VALUES (15, 1, 15, '58d0fe8e-799a-4f83-b065-c95a2eff6723');
INSERT INTO public.base_sets_history (kg, position, reps, id) VALUES (22, 2, 12, 'ab7b1483-2148-479f-8eed-5fef53832a19');
INSERT INTO public.base_sets_history (kg, position, reps, id) VALUES (29, 3, 10, 'e77215fc-27f8-42dd-b4c1-45e6fab3bede');
INSERT INTO public.base_sets_history (kg, position, reps, id) VALUES (44, 4, 18, '188e2b91-e4a2-44a7-bbb6-4b5a5d731900');
INSERT INTO public.base_sets_history (kg, position, reps, id) VALUES (15, 1, 15, '58f4b612-057a-4ab4-892a-3049f015c4de');
INSERT INTO public.base_sets_history (kg, position, reps, id) VALUES (22, 2, 12, '73b2673c-eda5-4057-a792-d82443d611a1');
INSERT INTO public.base_sets_history (kg, position, reps, id) VALUES (29, 3, 10, '2504c5af-48fc-4ab8-8ff1-ac3a490d36bd');
INSERT INTO public.base_sets_history (kg, position, reps, id) VALUES (44, 4, 18, '9573c62c-90ea-466e-b177-cfb56d1e0564');
INSERT INTO public.base_sets_history (kg, position, reps, id) VALUES (15, 1, 15, 'a246fd1b-429d-4c34-b0f8-96fa47840d2b');
INSERT INTO public.base_sets_history (kg, position, reps, id) VALUES (22, 2, 12, 'cfec3c65-8017-4268-8aa7-2b939bbb337b');
INSERT INTO public.base_sets_history (kg, position, reps, id) VALUES (29, 3, 10, 'fbdfa264-45b1-4a28-915a-77ce62ae6d48');
INSERT INTO public.base_sets_history (kg, position, reps, id) VALUES (44, 4, 18, '598d1b38-20c5-4b6a-bd35-15101dbffb50');
INSERT INTO public.base_sets_history (kg, position, reps, id) VALUES (15, 1, 15, 'd772e446-e23b-4c75-b362-7da9560be08f');
INSERT INTO public.base_sets_history (kg, position, reps, id) VALUES (22, 2, 12, '7f308a1a-292a-491f-9c8e-3dadd2b43631');
INSERT INTO public.base_sets_history (kg, position, reps, id) VALUES (29, 3, 10, '894e50aa-02d1-4294-8188-960719979511');
INSERT INTO public.base_sets_history (kg, position, reps, id) VALUES (44, 4, 18, 'df4702b7-9493-4047-a172-7e87a5f42cfe');
INSERT INTO public.base_sets_history (kg, position, reps, id) VALUES (15, 1, 15, 'ecb0282e-a249-4600-a47f-a45fb7811893');
INSERT INTO public.base_sets_history (kg, position, reps, id) VALUES (22, 2, 12, '1410309f-bc38-42c9-925a-e1e1362433b2');
INSERT INTO public.base_sets_history (kg, position, reps, id) VALUES (29, 3, 10, '7904f8c3-3ed5-480b-96a5-683bd9c0b08f');
INSERT INTO public.base_sets_history (kg, position, reps, id) VALUES (44, 4, 18, '1f1173a9-274e-499e-a361-9cc1f0e50823');
INSERT INTO public.base_sets_history (kg, position, reps, id) VALUES (15, 1, 15, '99d7952a-1cdd-4874-a5f4-c697e00b8207');
INSERT INTO public.base_sets_history (kg, position, reps, id) VALUES (22, 2, 12, 'e9da1e68-b1b0-41db-bf62-6dbc745392e3');
INSERT INTO public.base_sets_history (kg, position, reps, id) VALUES (29, 3, 10, '1d072d9d-904a-42f2-92de-ad483c8866c7');
INSERT INTO public.base_sets_history (kg, position, reps, id) VALUES (44, 4, 18, 'a5b391a0-c3ec-47b2-af58-837afff956e7');
INSERT INTO public.base_sets_history (kg, position, reps, id) VALUES (15, 1, 15, 'd498af74-145c-4bcf-8062-0c3b3523b700');
INSERT INTO public.base_sets_history (kg, position, reps, id) VALUES (22, 2, 12, '9628f948-45be-4e8a-8cb6-b505f182b49e');
INSERT INTO public.base_sets_history (kg, position, reps, id) VALUES (29, 3, 10, 'ac530c23-0101-4ac9-82cd-45995056bd72');
INSERT INTO public.base_sets_history (kg, position, reps, id) VALUES (44, 4, 18, 'b91f51d7-1442-4f38-b91a-a877b45d79a3');
INSERT INTO public.base_sets_history (kg, position, reps, id) VALUES (15, 1, 15, 'd30f63bd-e64f-4b50-814a-8bf14032dada');
INSERT INTO public.base_sets_history (kg, position, reps, id) VALUES (22, 2, 12, '35a5b86d-0b73-4344-8655-ff816e0e2888');
INSERT INTO public.base_sets_history (kg, position, reps, id) VALUES (29, 3, 10, 'df54b4b8-2c76-4b56-a9d5-8ee57334f474');
INSERT INTO public.base_sets_history (kg, position, reps, id) VALUES (44, 4, 18, '9b505bd5-5a6d-4f83-9a61-778129f67ee2');
INSERT INTO public.base_sets_history (kg, position, reps, id) VALUES (15, 1, 15, 'dd03593c-a290-4eba-aba6-45f202db5e31');
INSERT INTO public.base_sets_history (kg, position, reps, id) VALUES (22, 2, 12, 'bc4f383b-580a-4e8d-b45d-843a2aa3bd99');
INSERT INTO public.base_sets_history (kg, position, reps, id) VALUES (29, 3, 10, '182b5454-695b-46ee-9e37-9c33d7bee876');
INSERT INTO public.base_sets_history (kg, position, reps, id) VALUES (44, 4, 18, '6c42e46b-5412-4587-951e-77120b40eb25');
INSERT INTO public.base_sets_history (kg, position, reps, id) VALUES (15, 1, 15, 'e9f94540-e37d-4175-bf33-e8d62514bff2');
INSERT INTO public.base_sets_history (kg, position, reps, id) VALUES (22, 2, 12, '68fc1948-722d-48d5-8c02-ac2d65e97a09');
INSERT INTO public.base_sets_history (kg, position, reps, id) VALUES (29, 3, 10, '78c44804-0eee-4f9d-b80f-2c477703887b');
INSERT INTO public.base_sets_history (kg, position, reps, id) VALUES (44, 4, 18, '4baac0a1-ef6f-4d9a-8a0c-cb0d45428f90');
INSERT INTO public.base_sets_history (kg, position, reps, id) VALUES (15, 1, 15, '12fcc371-1d8c-446b-abaa-1b2e7ee07e5e');
INSERT INTO public.base_sets_history (kg, position, reps, id) VALUES (22, 2, 12, 'ae79df76-0e9d-4100-ba69-4b3b7b3953e3');
INSERT INTO public.base_sets_history (kg, position, reps, id) VALUES (29, 3, 10, '87b1f588-7c3f-4bd5-a619-1b15b2466f4d');
INSERT INTO public.base_sets_history (kg, position, reps, id) VALUES (44, 4, 18, 'e8774982-d67c-40ed-8fef-b7d74199ee70');
INSERT INTO public.base_sets_history (kg, position, reps, id) VALUES (15, 1, 15, '910df067-14cb-4ce7-9929-d1419174f589');
INSERT INTO public.base_sets_history (kg, position, reps, id) VALUES (22, 2, 12, '44fa0edb-247a-4d8d-973c-8b2d001bc137');
INSERT INTO public.base_sets_history (kg, position, reps, id) VALUES (29, 3, 10, '09c7fecc-f322-4472-9896-bbe755e5e79c');
INSERT INTO public.base_sets_history (kg, position, reps, id) VALUES (44, 4, 18, '5ce92832-324e-47df-86d3-72d1580df204');
INSERT INTO public.base_sets_history (kg, position, reps, id) VALUES (15, 1, 15, '7dab28f9-a602-4c1a-a4bd-6bc9d1e88c12');
INSERT INTO public.base_sets_history (kg, position, reps, id) VALUES (22, 2, 12, 'abf96448-1a54-42c4-b771-122d713f6656');
INSERT INTO public.base_sets_history (kg, position, reps, id) VALUES (29, 3, 10, '9471807b-cf44-412d-9a13-1d9da15b92b4');
INSERT INTO public.base_sets_history (kg, position, reps, id) VALUES (44, 4, 18, 'c937fd60-ffa7-46a4-b74a-c7c51a551200');
INSERT INTO public.base_sets_history (kg, position, reps, id) VALUES (15, 1, 15, '991fc847-c0ab-4a08-a836-06473eeeb105');
INSERT INTO public.base_sets_history (kg, position, reps, id) VALUES (22, 2, 12, '1fbb4641-7288-4e23-837f-c3f2e464f2d7');
INSERT INTO public.base_sets_history (kg, position, reps, id) VALUES (29, 3, 10, '5aaee3cd-e4d3-493d-97b1-dff3a77ea871');
INSERT INTO public.base_sets_history (kg, position, reps, id) VALUES (44, 4, 18, '0bc88d0c-60e8-4a40-b7c2-992cef9ddfb5');
INSERT INTO public.base_sets_history (kg, position, reps, id) VALUES (15, 1, 15, '22ea7731-1a8e-4e01-bc54-481813633aa0');
INSERT INTO public.base_sets_history (kg, position, reps, id) VALUES (22, 2, 12, 'aed19468-8aa2-4615-9fa3-09e97de8d9e9');
INSERT INTO public.base_sets_history (kg, position, reps, id) VALUES (29, 3, 10, 'b83a95b0-eac3-415b-af91-f84caf611de4');
INSERT INTO public.base_sets_history (kg, position, reps, id) VALUES (44, 4, 18, 'dd8fb296-62c3-47a2-a60f-0286efbca089');
INSERT INTO public.base_sets_history (kg, position, reps, id) VALUES (15, 1, 15, '6866bae9-1f33-46d5-82a2-0a99472fa610');
INSERT INTO public.base_sets_history (kg, position, reps, id) VALUES (22, 2, 12, 'e81d7495-3de3-46a5-ae8b-18f9472d7b94');
INSERT INTO public.base_sets_history (kg, position, reps, id) VALUES (29, 3, 10, 'ac85b220-1752-4d8f-b924-39421df58e87');
INSERT INTO public.base_sets_history (kg, position, reps, id) VALUES (44, 4, 18, 'f2ed1112-d1a8-4265-9490-c05b9bf23655');
INSERT INTO public.base_sets_history (kg, position, reps, id) VALUES (15, 1, 15, 'c8c524f4-ea6b-44d2-9538-85fc22f19164');
INSERT INTO public.base_sets_history (kg, position, reps, id) VALUES (22, 2, 12, '8e628ca6-aff4-46d9-aba6-71d23a00459f');
INSERT INTO public.base_sets_history (kg, position, reps, id) VALUES (29, 3, 10, 'c8813c4d-81ea-45a1-9031-b1854a38f7a9');
INSERT INTO public.base_sets_history (kg, position, reps, id) VALUES (44, 4, 18, 'abbc9c8d-839e-43b8-85bb-79d3424e5808');
INSERT INTO public.base_sets_history (kg, position, reps, id) VALUES (15, 1, 15, '9f5f4422-5eeb-4938-bee1-5f178559bdd7');
INSERT INTO public.base_sets_history (kg, position, reps, id) VALUES (22, 2, 12, '74153dc3-9b88-4b9d-b48c-b19a28e3791d');
INSERT INTO public.base_sets_history (kg, position, reps, id) VALUES (29, 3, 10, 'b1a9498d-309e-4ed3-87d0-6f5d4a50e1e9');
INSERT INTO public.base_sets_history (kg, position, reps, id) VALUES (44, 4, 18, '54c6ca47-9c81-46e7-b105-96576ca82bcc');
INSERT INTO public.base_sets_history (kg, position, reps, id) VALUES (15, 1, 15, 'f5ac40de-c7c1-4692-8d57-942b72c54205');
INSERT INTO public.base_sets_history (kg, position, reps, id) VALUES (22, 2, 12, '8afd4a89-d5f8-47fd-b6cd-1b31b9bd2a47');
INSERT INTO public.base_sets_history (kg, position, reps, id) VALUES (29, 3, 10, 'b17e3d29-7c07-44fc-b321-5be120c12d84');
INSERT INTO public.base_sets_history (kg, position, reps, id) VALUES (44, 4, 18, '0e5113b9-07ea-4e6c-ad6c-0b7245c18fab');
INSERT INTO public.base_sets_history (kg, position, reps, id) VALUES (15, 1, 15, '10be1756-9244-4b92-a28d-d3c0d382c34d');
INSERT INTO public.base_sets_history (kg, position, reps, id) VALUES (22, 2, 12, '04f30251-5ac3-40d3-8f1b-f626167b390e');
INSERT INTO public.base_sets_history (kg, position, reps, id) VALUES (29, 3, 10, 'f2e00600-2ddd-4eff-9fa1-62f5a94a75d1');
INSERT INTO public.base_sets_history (kg, position, reps, id) VALUES (44, 4, 18, '75ebf7fc-3daf-47a1-96e9-11cdaaadb83d');
INSERT INTO public.base_sets_history (kg, position, reps, id) VALUES (15, 1, 15, '6d615050-bfa1-4440-89ff-1dd594cb1362');
INSERT INTO public.base_sets_history (kg, position, reps, id) VALUES (22, 2, 12, 'd3e4b410-9734-440f-a239-69ef86e00d92');
INSERT INTO public.base_sets_history (kg, position, reps, id) VALUES (29, 3, 10, '749f7eda-6f34-4d8d-b499-978e042d9d39');
INSERT INTO public.base_sets_history (kg, position, reps, id) VALUES (44, 4, 18, 'be0af252-babd-4c28-a6c0-e596312329d5');
INSERT INTO public.base_sets_history (kg, position, reps, id) VALUES (15, 1, 15, 'c620f226-04ac-41fc-916c-69fc9e9cc0ab');
INSERT INTO public.base_sets_history (kg, position, reps, id) VALUES (22, 2, 12, '8dc945c1-eeac-49d7-b9b9-b375a86fe739');
INSERT INTO public.base_sets_history (kg, position, reps, id) VALUES (29, 3, 10, '5aa1a2b5-a318-4d7f-b02f-15472e9e0fb9');
INSERT INTO public.base_sets_history (kg, position, reps, id) VALUES (44, 4, 18, '9e7b9930-88eb-4f3a-9271-f260c2c51369');
INSERT INTO public.base_sets_history (kg, position, reps, id) VALUES (15, 1, 15, 'ac053a93-6a70-4f00-bc7e-f9200d98f25a');
INSERT INTO public.base_sets_history (kg, position, reps, id) VALUES (22, 2, 12, '1476d378-175a-4d21-bb95-fcbbf45bf806');
INSERT INTO public.base_sets_history (kg, position, reps, id) VALUES (29, 3, 10, 'aae4432f-6df1-4470-8afe-448c815c9045');
INSERT INTO public.base_sets_history (kg, position, reps, id) VALUES (44, 4, 18, 'bb4da511-beb5-4b64-8142-c46ee01564a2');
INSERT INTO public.base_sets_history (kg, position, reps, id) VALUES (15, 1, 15, '6cdfaf95-a573-4688-989e-c5bd56e2ba71');
INSERT INTO public.base_sets_history (kg, position, reps, id) VALUES (22, 2, 12, '11b43d12-f538-44a2-a1ad-81eed9408e0c');
INSERT INTO public.base_sets_history (kg, position, reps, id) VALUES (29, 3, 10, '92969470-2121-4f61-8ba3-0e53780e8297');
INSERT INTO public.base_sets_history (kg, position, reps, id) VALUES (44, 4, 18, '694a4c64-b01e-46b9-95e2-1fe87982548d');
INSERT INTO public.base_sets_history (kg, position, reps, id) VALUES (15, 1, 15, '0aa46061-c19e-4322-9e2f-c92791e81442');
INSERT INTO public.base_sets_history (kg, position, reps, id) VALUES (22, 2, 12, '5ed5431b-8bc8-43d6-9ab6-7e14dda241bf');
INSERT INTO public.base_sets_history (kg, position, reps, id) VALUES (29, 3, 10, '5d82ddfc-845d-466f-9a7d-516f088e14e8');
INSERT INTO public.base_sets_history (kg, position, reps, id) VALUES (44, 4, 18, '73dbfe58-a38d-44f6-a626-0fbb2169385c');
INSERT INTO public.base_sets_history (kg, position, reps, id) VALUES (15, 1, 15, '328ec7a5-49cc-4d0b-b682-0c8de4de2adc');
INSERT INTO public.base_sets_history (kg, position, reps, id) VALUES (22, 2, 12, 'bc566b40-4273-4ccf-92ad-fb292461ecff');
INSERT INTO public.base_sets_history (kg, position, reps, id) VALUES (29, 3, 10, '426627a6-5eb5-413e-a582-d9001b28534d');
INSERT INTO public.base_sets_history (kg, position, reps, id) VALUES (44, 4, 18, 'aeccd2f7-10f2-4762-9d55-0df0b9f33bc2');
INSERT INTO public.base_sets_history (kg, position, reps, id) VALUES (15, 1, 15, '79a4a43e-77eb-4194-a203-ddf850acccea');
INSERT INTO public.base_sets_history (kg, position, reps, id) VALUES (22, 2, 12, 'be830614-ae32-43c3-b5fc-cdc9518bf075');
INSERT INTO public.base_sets_history (kg, position, reps, id) VALUES (29, 3, 10, '6b211c89-4ac1-4e9f-a774-d3c03a9ca64c');
INSERT INTO public.base_sets_history (kg, position, reps, id) VALUES (44, 4, 18, 'f9febbae-5213-43d8-a23c-1e6003399524');
INSERT INTO public.base_sets_history (kg, position, reps, id) VALUES (15, 1, 15, 'c3aafdac-0663-4fc3-91c9-17c656a109ea');
INSERT INTO public.base_sets_history (kg, position, reps, id) VALUES (22, 2, 12, '0b2c6d2f-3f68-449b-baeb-9469fcc26be7');
INSERT INTO public.base_sets_history (kg, position, reps, id) VALUES (29, 3, 10, 'f7ba85ff-77b3-4975-b685-e44148e4fca3');
INSERT INTO public.base_sets_history (kg, position, reps, id) VALUES (44, 4, 18, 'cf0c3435-8627-4dbe-ab42-8c2bf6b9ac43');
INSERT INTO public.base_sets_history (kg, position, reps, id) VALUES (15, 1, 15, 'eea4eb3b-4f9b-4fdd-8129-6f958a26c6f9');
INSERT INTO public.base_sets_history (kg, position, reps, id) VALUES (22, 2, 12, '27db6382-0931-4e63-8d7e-386d62d2d70b');
INSERT INTO public.base_sets_history (kg, position, reps, id) VALUES (29, 3, 10, '151b771f-a381-41de-9974-c0c4f8ec88a6');
INSERT INTO public.base_sets_history (kg, position, reps, id) VALUES (44, 4, 18, 'd5144cdf-3d36-418e-b64f-303fe52f829c');
INSERT INTO public.base_sets_history (kg, position, reps, id) VALUES (15, 1, 15, '8836edb9-aa80-4267-83f5-7b5e40672c49');
INSERT INTO public.base_sets_history (kg, position, reps, id) VALUES (22, 2, 12, '179eec44-b277-4b9a-90fe-24d72d7535e5');
INSERT INTO public.base_sets_history (kg, position, reps, id) VALUES (29, 3, 10, '805cad37-46a4-4c6d-be52-2c469303cea3');
INSERT INTO public.base_sets_history (kg, position, reps, id) VALUES (44, 4, 18, 'eccfa988-0887-4eef-9837-98677bdb8f37');
INSERT INTO public.base_sets_history (kg, position, reps, id) VALUES (15, 1, 15, 'dcc120c7-9eea-4f73-aae1-607d61f6a8b1');
INSERT INTO public.base_sets_history (kg, position, reps, id) VALUES (22, 2, 12, '7d5bdbd9-b166-4d2d-8f8a-da1edbb157b4');
INSERT INTO public.base_sets_history (kg, position, reps, id) VALUES (29, 3, 10, '331458ad-a01e-480a-8624-112edb319596');
INSERT INTO public.base_sets_history (kg, position, reps, id) VALUES (44, 4, 18, '9e8958aa-a8c9-4481-a0d8-745f0af8d9ac');
INSERT INTO public.base_sets_history (kg, position, reps, id) VALUES (15, 1, 15, 'd94d9fe5-50f4-4edf-8478-865ab2d334bf');
INSERT INTO public.base_sets_history (kg, position, reps, id) VALUES (22, 2, 12, '08c92a29-ead9-4703-8fe9-482f80b3e8c1');
INSERT INTO public.base_sets_history (kg, position, reps, id) VALUES (29, 3, 10, 'c30b0016-db23-43f8-b5cf-3f242f506a60');
INSERT INTO public.base_sets_history (kg, position, reps, id) VALUES (44, 4, 18, 'f52c5418-397d-42a5-94b7-c621da473818');
INSERT INTO public.base_sets_history (kg, position, reps, id) VALUES (15, 1, 15, '7691fc28-3c42-4d01-a339-d3f8a2f4a69d');
INSERT INTO public.base_sets_history (kg, position, reps, id) VALUES (22, 2, 12, '29e83948-7d84-45bf-901e-4c464c5a7b6d');
INSERT INTO public.base_sets_history (kg, position, reps, id) VALUES (29, 3, 10, '58c629af-8e4a-40d3-af05-23085cb1aed2');
INSERT INTO public.base_sets_history (kg, position, reps, id) VALUES (44, 4, 18, '487146b6-f3af-443b-9e0e-db3d8c7b4ce1');
INSERT INTO public.base_sets_history (kg, position, reps, id) VALUES (15, 1, 15, '0e15894e-9842-4454-99ac-c3ecbc27fc9b');
INSERT INTO public.base_sets_history (kg, position, reps, id) VALUES (22, 2, 12, 'd3ff2d80-890f-4c5e-95a8-116587382992');
INSERT INTO public.base_sets_history (kg, position, reps, id) VALUES (29, 3, 10, '86b32ce8-616a-49b2-9fea-adfd504966b6');
INSERT INTO public.base_sets_history (kg, position, reps, id) VALUES (44, 4, 18, '47e37ea7-385f-4b0b-a44f-e177a37b12b7');


INSERT INTO public.base_ex_to_position_history (position, base_ex_id, id, tr_status_id) VALUES (1, 'f3f0359f-b942-45d0-bb90-d091c607b4e4', '46869e7f-7f13-4244-b6da-f3dbead0c425', 'd6ccfc2b-e1cc-4ee9-9f76-794cce1c6ae6');
INSERT INTO public.base_ex_to_position_history (position, base_ex_id, id, tr_status_id) VALUES (2, 'da8d22a0-d9a2-4a52-928e-a931ac12251b', '0fb053c8-c176-459c-a347-09428f8d84b3', 'd6ccfc2b-e1cc-4ee9-9f76-794cce1c6ae6');
INSERT INTO public.base_ex_to_position_history (position, base_ex_id, id, tr_status_id) VALUES (3, '1ff2faa5-0c74-4fd8-b46c-29a8f856c866', '99c9050c-eccd-4d7f-8b28-0420d1edc982', 'd6ccfc2b-e1cc-4ee9-9f76-794cce1c6ae6');
INSERT INTO public.base_ex_to_position_history (position, base_ex_id, id, tr_status_id) VALUES (1, 'f3f0359f-b942-45d0-bb90-d091c607b4e4', 'a70f1319-f700-4cce-b127-5b784fcb9d00', 'd6ccfc2b-e1cc-4ee9-9f76-794cce1c6ae6');
INSERT INTO public.base_ex_to_position_history (position, base_ex_id, id, tr_status_id) VALUES (2, 'da8d22a0-d9a2-4a52-928e-a931ac12251b', '601f8607-1e0d-4b5c-8c76-9648739706c7', 'd6ccfc2b-e1cc-4ee9-9f76-794cce1c6ae6');
INSERT INTO public.base_ex_to_position_history (position, base_ex_id, id, tr_status_id) VALUES (3, '1ff2faa5-0c74-4fd8-b46c-29a8f856c866', 'd61453eb-7c17-44fe-b42b-63a9f286ce17', 'd6ccfc2b-e1cc-4ee9-9f76-794cce1c6ae6');
INSERT INTO public.base_ex_to_position_history (position, base_ex_id, id, tr_status_id) VALUES (1, 'f3f0359f-b942-45d0-bb90-d091c607b4e4', 'f36f5633-a5d7-4f91-a3f1-d7ca4834685b', 'd6ccfc2b-e1cc-4ee9-9f76-794cce1c6ae6');
INSERT INTO public.base_ex_to_position_history (position, base_ex_id, id, tr_status_id) VALUES (2, 'da8d22a0-d9a2-4a52-928e-a931ac12251b', 'a6a1c7e7-a35e-4756-ab57-f89956c69048', 'd6ccfc2b-e1cc-4ee9-9f76-794cce1c6ae6');
INSERT INTO public.base_ex_to_position_history (position, base_ex_id, id, tr_status_id) VALUES (3, '1ff2faa5-0c74-4fd8-b46c-29a8f856c866', 'd2030c46-39cd-4533-9b05-0a8409a6c6a5', 'd6ccfc2b-e1cc-4ee9-9f76-794cce1c6ae6');
INSERT INTO public.base_ex_to_position_history (position, base_ex_id, id, tr_status_id) VALUES (1, 'f3f0359f-b942-45d0-bb90-d091c607b4e4', 'ddbb7851-6675-4bc8-8028-191f0f9fa9d9', 'd6ccfc2b-e1cc-4ee9-9f76-794cce1c6ae6');
INSERT INTO public.base_ex_to_position_history (position, base_ex_id, id, tr_status_id) VALUES (2, 'da8d22a0-d9a2-4a52-928e-a931ac12251b', 'aca7451a-07b0-47bb-ba47-42ffb4774169', 'd6ccfc2b-e1cc-4ee9-9f76-794cce1c6ae6');
INSERT INTO public.base_ex_to_position_history (position, base_ex_id, id, tr_status_id) VALUES (3, '1ff2faa5-0c74-4fd8-b46c-29a8f856c866', '80ea66bb-8f32-47e8-bb9a-2613c67a10d3', 'd6ccfc2b-e1cc-4ee9-9f76-794cce1c6ae6');
INSERT INTO public.base_ex_to_position_history (position, base_ex_id, id, tr_status_id) VALUES (1, 'f3f0359f-b942-45d0-bb90-d091c607b4e4', '4019475d-b2b2-4c33-ae97-0ae35cc86275', 'd6ccfc2b-e1cc-4ee9-9f76-794cce1c6ae6');
INSERT INTO public.base_ex_to_position_history (position, base_ex_id, id, tr_status_id) VALUES (2, 'da8d22a0-d9a2-4a52-928e-a931ac12251b', '936d7d41-ad6f-4c3c-87a4-31c12611a0d5', 'd6ccfc2b-e1cc-4ee9-9f76-794cce1c6ae6');
INSERT INTO public.base_ex_to_position_history (position, base_ex_id, id, tr_status_id) VALUES (3, '1ff2faa5-0c74-4fd8-b46c-29a8f856c866', '3b191980-fbd4-4079-9e3e-5ef3edd12696', 'd6ccfc2b-e1cc-4ee9-9f76-794cce1c6ae6');
INSERT INTO public.base_ex_to_position_history (position, base_ex_id, id, tr_status_id) VALUES (1, 'f3f0359f-b942-45d0-bb90-d091c607b4e4', '92e58ccc-906c-449e-b00d-c9d7e47725f9', 'd6ccfc2b-e1cc-4ee9-9f76-794cce1c6ae6');
INSERT INTO public.base_ex_to_position_history (position, base_ex_id, id, tr_status_id) VALUES (2, 'da8d22a0-d9a2-4a52-928e-a931ac12251b', 'f1acfd3a-806d-41be-b445-ff7d022dbcd5', 'd6ccfc2b-e1cc-4ee9-9f76-794cce1c6ae6');
INSERT INTO public.base_ex_to_position_history (position, base_ex_id, id, tr_status_id) VALUES (3, '1ff2faa5-0c74-4fd8-b46c-29a8f856c866', '3a2c3113-3e46-4a26-81ac-19a09f937d12', 'd6ccfc2b-e1cc-4ee9-9f76-794cce1c6ae6');
INSERT INTO public.base_ex_to_position_history (position, base_ex_id, id, tr_status_id) VALUES (1, 'f3f0359f-b942-45d0-bb90-d091c607b4e4', '8865711e-4f7e-4048-a1e1-260655ae36cc', 'd6ccfc2b-e1cc-4ee9-9f76-794cce1c6ae6');
INSERT INTO public.base_ex_to_position_history (position, base_ex_id, id, tr_status_id) VALUES (2, 'da8d22a0-d9a2-4a52-928e-a931ac12251b', 'd0f2a05b-c01c-4ddd-9653-644dd1b5135c', 'd6ccfc2b-e1cc-4ee9-9f76-794cce1c6ae6');
INSERT INTO public.base_ex_to_position_history (position, base_ex_id, id, tr_status_id) VALUES (3, '1ff2faa5-0c74-4fd8-b46c-29a8f856c866', '5c935701-10aa-421b-aef3-778b39bf817b', 'd6ccfc2b-e1cc-4ee9-9f76-794cce1c6ae6');
INSERT INTO public.base_ex_to_position_history (position, base_ex_id, id, tr_status_id) VALUES (1, 'f3f0359f-b942-45d0-bb90-d091c607b4e4', 'fbc1185b-1b69-4858-b1aa-dc4e84a5c053', 'd6ccfc2b-e1cc-4ee9-9f76-794cce1c6ae6');
INSERT INTO public.base_ex_to_position_history (position, base_ex_id, id, tr_status_id) VALUES (2, 'da8d22a0-d9a2-4a52-928e-a931ac12251b', 'eadab2dd-ec59-4474-8dd2-a2a7b16a453a', 'd6ccfc2b-e1cc-4ee9-9f76-794cce1c6ae6');
INSERT INTO public.base_ex_to_position_history (position, base_ex_id, id, tr_status_id) VALUES (3, '1ff2faa5-0c74-4fd8-b46c-29a8f856c866', '63390e14-d255-4cc9-8e36-e34dbbc7a981', 'd6ccfc2b-e1cc-4ee9-9f76-794cce1c6ae6');
INSERT INTO public.base_ex_to_position_history (position, base_ex_id, id, tr_status_id) VALUES (1, 'f3f0359f-b942-45d0-bb90-d091c607b4e4', '491559d8-f239-4642-a9ca-5d553af0fd2f', 'd6ccfc2b-e1cc-4ee9-9f76-794cce1c6ae6');
INSERT INTO public.base_ex_to_position_history (position, base_ex_id, id, tr_status_id) VALUES (2, 'da8d22a0-d9a2-4a52-928e-a931ac12251b', '0501e234-ec50-4930-bd8e-b62be3c68e08', 'd6ccfc2b-e1cc-4ee9-9f76-794cce1c6ae6');
INSERT INTO public.base_ex_to_position_history (position, base_ex_id, id, tr_status_id) VALUES (3, '1ff2faa5-0c74-4fd8-b46c-29a8f856c866', 'f05679cf-f29b-465f-a418-d6adb606dec2', 'd6ccfc2b-e1cc-4ee9-9f76-794cce1c6ae6');
INSERT INTO public.base_ex_to_position_history (position, base_ex_id, id, tr_status_id) VALUES (1, 'f3f0359f-b942-45d0-bb90-d091c607b4e4', '8b9a2de8-c5ed-48bb-b8d2-6d361635f3f2', 'd6ccfc2b-e1cc-4ee9-9f76-794cce1c6ae6');
INSERT INTO public.base_ex_to_position_history (position, base_ex_id, id, tr_status_id) VALUES (2, 'da8d22a0-d9a2-4a52-928e-a931ac12251b', 'cadf0252-6095-4eb9-8dbb-75da98c4b8da', 'd6ccfc2b-e1cc-4ee9-9f76-794cce1c6ae6');
INSERT INTO public.base_ex_to_position_history (position, base_ex_id, id, tr_status_id) VALUES (3, '1ff2faa5-0c74-4fd8-b46c-29a8f856c866', 'dba79065-78cc-4370-b8bb-40c68b5b6828', 'd6ccfc2b-e1cc-4ee9-9f76-794cce1c6ae6');
INSERT INTO public.base_ex_to_position_history (position, base_ex_id, id, tr_status_id) VALUES (1, 'f3f0359f-b942-45d0-bb90-d091c607b4e4', 'e80b156f-c50d-4e81-a49c-18fe51cbf1fc', 'd6ccfc2b-e1cc-4ee9-9f76-794cce1c6ae6');
INSERT INTO public.base_ex_to_position_history (position, base_ex_id, id, tr_status_id) VALUES (2, 'da8d22a0-d9a2-4a52-928e-a931ac12251b', '3a8555f4-e6d3-45e7-96b4-3e380dc8c114', 'd6ccfc2b-e1cc-4ee9-9f76-794cce1c6ae6');
INSERT INTO public.base_ex_to_position_history (position, base_ex_id, id, tr_status_id) VALUES (3, '1ff2faa5-0c74-4fd8-b46c-29a8f856c866', 'f6f86870-340f-4ded-aeb7-7a2c8bd11cc1', 'd6ccfc2b-e1cc-4ee9-9f76-794cce1c6ae6');
INSERT INTO public.base_ex_to_position_history (position, base_ex_id, id, tr_status_id) VALUES (1, 'f3f0359f-b942-45d0-bb90-d091c607b4e4', 'ce3e52a9-4db6-4760-86db-0dcbaf144c87', 'd6ccfc2b-e1cc-4ee9-9f76-794cce1c6ae6');
INSERT INTO public.base_ex_to_position_history (position, base_ex_id, id, tr_status_id) VALUES (2, 'da8d22a0-d9a2-4a52-928e-a931ac12251b', '0b5d0c8c-3e38-4bd4-9f46-43899681420a', 'd6ccfc2b-e1cc-4ee9-9f76-794cce1c6ae6');
INSERT INTO public.base_ex_to_position_history (position, base_ex_id, id, tr_status_id) VALUES (3, '1ff2faa5-0c74-4fd8-b46c-29a8f856c866', '315b81fe-7846-4708-bfcf-0c6367a07927', 'd6ccfc2b-e1cc-4ee9-9f76-794cce1c6ae6');


INSERT INTO public.base_ex_to_position_history_base_sets_history (base_ex_to_position_history_id, base_set_history_id) VALUES ('46869e7f-7f13-4244-b6da-f3dbead0c425', '8f95fcdd-148c-408b-9d60-84cdb2a47f00');
INSERT INTO public.base_ex_to_position_history_base_sets_history (base_ex_to_position_history_id, base_set_history_id) VALUES ('46869e7f-7f13-4244-b6da-f3dbead0c425', '312218ca-18ef-4f17-89be-94010ac9407e');
INSERT INTO public.base_ex_to_position_history_base_sets_history (base_ex_to_position_history_id, base_set_history_id) VALUES ('46869e7f-7f13-4244-b6da-f3dbead0c425', '8bd824bb-6df3-4340-b9f3-60dbd4254db5');
INSERT INTO public.base_ex_to_position_history_base_sets_history (base_ex_to_position_history_id, base_set_history_id) VALUES ('46869e7f-7f13-4244-b6da-f3dbead0c425', 'c5382eac-db68-4bd2-bf6b-fb82fdedb9c6');
INSERT INTO public.base_ex_to_position_history_base_sets_history (base_ex_to_position_history_id, base_set_history_id) VALUES ('0fb053c8-c176-459c-a347-09428f8d84b3', 'b3aa7547-ae91-424b-8025-b842ee46b4e4');
INSERT INTO public.base_ex_to_position_history_base_sets_history (base_ex_to_position_history_id, base_set_history_id) VALUES ('0fb053c8-c176-459c-a347-09428f8d84b3', '7b7aca93-1e4c-4428-bad4-e9f5ed7835c2');
INSERT INTO public.base_ex_to_position_history_base_sets_history (base_ex_to_position_history_id, base_set_history_id) VALUES ('0fb053c8-c176-459c-a347-09428f8d84b3', 'c56b6476-2202-4a96-a9e9-bf3ddb818ac0');
INSERT INTO public.base_ex_to_position_history_base_sets_history (base_ex_to_position_history_id, base_set_history_id) VALUES ('0fb053c8-c176-459c-a347-09428f8d84b3', '8591dac6-2b50-46c5-a58b-7b30344a41ab');
INSERT INTO public.base_ex_to_position_history_base_sets_history (base_ex_to_position_history_id, base_set_history_id) VALUES ('99c9050c-eccd-4d7f-8b28-0420d1edc982', '58d0fe8e-799a-4f83-b065-c95a2eff6723');
INSERT INTO public.base_ex_to_position_history_base_sets_history (base_ex_to_position_history_id, base_set_history_id) VALUES ('99c9050c-eccd-4d7f-8b28-0420d1edc982', 'ab7b1483-2148-479f-8eed-5fef53832a19');
INSERT INTO public.base_ex_to_position_history_base_sets_history (base_ex_to_position_history_id, base_set_history_id) VALUES ('99c9050c-eccd-4d7f-8b28-0420d1edc982', 'e77215fc-27f8-42dd-b4c1-45e6fab3bede');
INSERT INTO public.base_ex_to_position_history_base_sets_history (base_ex_to_position_history_id, base_set_history_id) VALUES ('99c9050c-eccd-4d7f-8b28-0420d1edc982', '188e2b91-e4a2-44a7-bbb6-4b5a5d731900');
INSERT INTO public.base_ex_to_position_history_base_sets_history (base_ex_to_position_history_id, base_set_history_id) VALUES ('a70f1319-f700-4cce-b127-5b784fcb9d00', '58f4b612-057a-4ab4-892a-3049f015c4de');
INSERT INTO public.base_ex_to_position_history_base_sets_history (base_ex_to_position_history_id, base_set_history_id) VALUES ('a70f1319-f700-4cce-b127-5b784fcb9d00', '73b2673c-eda5-4057-a792-d82443d611a1');
INSERT INTO public.base_ex_to_position_history_base_sets_history (base_ex_to_position_history_id, base_set_history_id) VALUES ('a70f1319-f700-4cce-b127-5b784fcb9d00', '2504c5af-48fc-4ab8-8ff1-ac3a490d36bd');
INSERT INTO public.base_ex_to_position_history_base_sets_history (base_ex_to_position_history_id, base_set_history_id) VALUES ('a70f1319-f700-4cce-b127-5b784fcb9d00', '9573c62c-90ea-466e-b177-cfb56d1e0564');
INSERT INTO public.base_ex_to_position_history_base_sets_history (base_ex_to_position_history_id, base_set_history_id) VALUES ('601f8607-1e0d-4b5c-8c76-9648739706c7', 'a246fd1b-429d-4c34-b0f8-96fa47840d2b');
INSERT INTO public.base_ex_to_position_history_base_sets_history (base_ex_to_position_history_id, base_set_history_id) VALUES ('601f8607-1e0d-4b5c-8c76-9648739706c7', 'cfec3c65-8017-4268-8aa7-2b939bbb337b');
INSERT INTO public.base_ex_to_position_history_base_sets_history (base_ex_to_position_history_id, base_set_history_id) VALUES ('601f8607-1e0d-4b5c-8c76-9648739706c7', 'fbdfa264-45b1-4a28-915a-77ce62ae6d48');
INSERT INTO public.base_ex_to_position_history_base_sets_history (base_ex_to_position_history_id, base_set_history_id) VALUES ('601f8607-1e0d-4b5c-8c76-9648739706c7', '598d1b38-20c5-4b6a-bd35-15101dbffb50');
INSERT INTO public.base_ex_to_position_history_base_sets_history (base_ex_to_position_history_id, base_set_history_id) VALUES ('d61453eb-7c17-44fe-b42b-63a9f286ce17', 'd772e446-e23b-4c75-b362-7da9560be08f');
INSERT INTO public.base_ex_to_position_history_base_sets_history (base_ex_to_position_history_id, base_set_history_id) VALUES ('d61453eb-7c17-44fe-b42b-63a9f286ce17', '7f308a1a-292a-491f-9c8e-3dadd2b43631');
INSERT INTO public.base_ex_to_position_history_base_sets_history (base_ex_to_position_history_id, base_set_history_id) VALUES ('d61453eb-7c17-44fe-b42b-63a9f286ce17', '894e50aa-02d1-4294-8188-960719979511');
INSERT INTO public.base_ex_to_position_history_base_sets_history (base_ex_to_position_history_id, base_set_history_id) VALUES ('d61453eb-7c17-44fe-b42b-63a9f286ce17', 'df4702b7-9493-4047-a172-7e87a5f42cfe');
INSERT INTO public.base_ex_to_position_history_base_sets_history (base_ex_to_position_history_id, base_set_history_id) VALUES ('f36f5633-a5d7-4f91-a3f1-d7ca4834685b', 'ecb0282e-a249-4600-a47f-a45fb7811893');
INSERT INTO public.base_ex_to_position_history_base_sets_history (base_ex_to_position_history_id, base_set_history_id) VALUES ('f36f5633-a5d7-4f91-a3f1-d7ca4834685b', '1410309f-bc38-42c9-925a-e1e1362433b2');
INSERT INTO public.base_ex_to_position_history_base_sets_history (base_ex_to_position_history_id, base_set_history_id) VALUES ('f36f5633-a5d7-4f91-a3f1-d7ca4834685b', '7904f8c3-3ed5-480b-96a5-683bd9c0b08f');
INSERT INTO public.base_ex_to_position_history_base_sets_history (base_ex_to_position_history_id, base_set_history_id) VALUES ('f36f5633-a5d7-4f91-a3f1-d7ca4834685b', '1f1173a9-274e-499e-a361-9cc1f0e50823');
INSERT INTO public.base_ex_to_position_history_base_sets_history (base_ex_to_position_history_id, base_set_history_id) VALUES ('a6a1c7e7-a35e-4756-ab57-f89956c69048', '99d7952a-1cdd-4874-a5f4-c697e00b8207');
INSERT INTO public.base_ex_to_position_history_base_sets_history (base_ex_to_position_history_id, base_set_history_id) VALUES ('a6a1c7e7-a35e-4756-ab57-f89956c69048', 'e9da1e68-b1b0-41db-bf62-6dbc745392e3');
INSERT INTO public.base_ex_to_position_history_base_sets_history (base_ex_to_position_history_id, base_set_history_id) VALUES ('a6a1c7e7-a35e-4756-ab57-f89956c69048', '1d072d9d-904a-42f2-92de-ad483c8866c7');
INSERT INTO public.base_ex_to_position_history_base_sets_history (base_ex_to_position_history_id, base_set_history_id) VALUES ('a6a1c7e7-a35e-4756-ab57-f89956c69048', 'a5b391a0-c3ec-47b2-af58-837afff956e7');
INSERT INTO public.base_ex_to_position_history_base_sets_history (base_ex_to_position_history_id, base_set_history_id) VALUES ('d2030c46-39cd-4533-9b05-0a8409a6c6a5', 'd498af74-145c-4bcf-8062-0c3b3523b700');
INSERT INTO public.base_ex_to_position_history_base_sets_history (base_ex_to_position_history_id, base_set_history_id) VALUES ('d2030c46-39cd-4533-9b05-0a8409a6c6a5', '9628f948-45be-4e8a-8cb6-b505f182b49e');
INSERT INTO public.base_ex_to_position_history_base_sets_history (base_ex_to_position_history_id, base_set_history_id) VALUES ('d2030c46-39cd-4533-9b05-0a8409a6c6a5', 'ac530c23-0101-4ac9-82cd-45995056bd72');
INSERT INTO public.base_ex_to_position_history_base_sets_history (base_ex_to_position_history_id, base_set_history_id) VALUES ('d2030c46-39cd-4533-9b05-0a8409a6c6a5', 'b91f51d7-1442-4f38-b91a-a877b45d79a3');
INSERT INTO public.base_ex_to_position_history_base_sets_history (base_ex_to_position_history_id, base_set_history_id) VALUES ('ddbb7851-6675-4bc8-8028-191f0f9fa9d9', 'd30f63bd-e64f-4b50-814a-8bf14032dada');
INSERT INTO public.base_ex_to_position_history_base_sets_history (base_ex_to_position_history_id, base_set_history_id) VALUES ('ddbb7851-6675-4bc8-8028-191f0f9fa9d9', '35a5b86d-0b73-4344-8655-ff816e0e2888');
INSERT INTO public.base_ex_to_position_history_base_sets_history (base_ex_to_position_history_id, base_set_history_id) VALUES ('ddbb7851-6675-4bc8-8028-191f0f9fa9d9', 'df54b4b8-2c76-4b56-a9d5-8ee57334f474');
INSERT INTO public.base_ex_to_position_history_base_sets_history (base_ex_to_position_history_id, base_set_history_id) VALUES ('ddbb7851-6675-4bc8-8028-191f0f9fa9d9', '9b505bd5-5a6d-4f83-9a61-778129f67ee2');
INSERT INTO public.base_ex_to_position_history_base_sets_history (base_ex_to_position_history_id, base_set_history_id) VALUES ('aca7451a-07b0-47bb-ba47-42ffb4774169', 'dd03593c-a290-4eba-aba6-45f202db5e31');
INSERT INTO public.base_ex_to_position_history_base_sets_history (base_ex_to_position_history_id, base_set_history_id) VALUES ('aca7451a-07b0-47bb-ba47-42ffb4774169', 'bc4f383b-580a-4e8d-b45d-843a2aa3bd99');
INSERT INTO public.base_ex_to_position_history_base_sets_history (base_ex_to_position_history_id, base_set_history_id) VALUES ('aca7451a-07b0-47bb-ba47-42ffb4774169', '182b5454-695b-46ee-9e37-9c33d7bee876');
INSERT INTO public.base_ex_to_position_history_base_sets_history (base_ex_to_position_history_id, base_set_history_id) VALUES ('aca7451a-07b0-47bb-ba47-42ffb4774169', '6c42e46b-5412-4587-951e-77120b40eb25');
INSERT INTO public.base_ex_to_position_history_base_sets_history (base_ex_to_position_history_id, base_set_history_id) VALUES ('80ea66bb-8f32-47e8-bb9a-2613c67a10d3', 'e9f94540-e37d-4175-bf33-e8d62514bff2');
INSERT INTO public.base_ex_to_position_history_base_sets_history (base_ex_to_position_history_id, base_set_history_id) VALUES ('80ea66bb-8f32-47e8-bb9a-2613c67a10d3', '68fc1948-722d-48d5-8c02-ac2d65e97a09');
INSERT INTO public.base_ex_to_position_history_base_sets_history (base_ex_to_position_history_id, base_set_history_id) VALUES ('80ea66bb-8f32-47e8-bb9a-2613c67a10d3', '78c44804-0eee-4f9d-b80f-2c477703887b');
INSERT INTO public.base_ex_to_position_history_base_sets_history (base_ex_to_position_history_id, base_set_history_id) VALUES ('80ea66bb-8f32-47e8-bb9a-2613c67a10d3', '4baac0a1-ef6f-4d9a-8a0c-cb0d45428f90');
INSERT INTO public.base_ex_to_position_history_base_sets_history (base_ex_to_position_history_id, base_set_history_id) VALUES ('4019475d-b2b2-4c33-ae97-0ae35cc86275', '12fcc371-1d8c-446b-abaa-1b2e7ee07e5e');
INSERT INTO public.base_ex_to_position_history_base_sets_history (base_ex_to_position_history_id, base_set_history_id) VALUES ('4019475d-b2b2-4c33-ae97-0ae35cc86275', 'ae79df76-0e9d-4100-ba69-4b3b7b3953e3');
INSERT INTO public.base_ex_to_position_history_base_sets_history (base_ex_to_position_history_id, base_set_history_id) VALUES ('4019475d-b2b2-4c33-ae97-0ae35cc86275', '87b1f588-7c3f-4bd5-a619-1b15b2466f4d');
INSERT INTO public.base_ex_to_position_history_base_sets_history (base_ex_to_position_history_id, base_set_history_id) VALUES ('4019475d-b2b2-4c33-ae97-0ae35cc86275', 'e8774982-d67c-40ed-8fef-b7d74199ee70');
INSERT INTO public.base_ex_to_position_history_base_sets_history (base_ex_to_position_history_id, base_set_history_id) VALUES ('936d7d41-ad6f-4c3c-87a4-31c12611a0d5', '910df067-14cb-4ce7-9929-d1419174f589');
INSERT INTO public.base_ex_to_position_history_base_sets_history (base_ex_to_position_history_id, base_set_history_id) VALUES ('936d7d41-ad6f-4c3c-87a4-31c12611a0d5', '44fa0edb-247a-4d8d-973c-8b2d001bc137');
INSERT INTO public.base_ex_to_position_history_base_sets_history (base_ex_to_position_history_id, base_set_history_id) VALUES ('936d7d41-ad6f-4c3c-87a4-31c12611a0d5', '09c7fecc-f322-4472-9896-bbe755e5e79c');
INSERT INTO public.base_ex_to_position_history_base_sets_history (base_ex_to_position_history_id, base_set_history_id) VALUES ('936d7d41-ad6f-4c3c-87a4-31c12611a0d5', '5ce92832-324e-47df-86d3-72d1580df204');
INSERT INTO public.base_ex_to_position_history_base_sets_history (base_ex_to_position_history_id, base_set_history_id) VALUES ('3b191980-fbd4-4079-9e3e-5ef3edd12696', '7dab28f9-a602-4c1a-a4bd-6bc9d1e88c12');
INSERT INTO public.base_ex_to_position_history_base_sets_history (base_ex_to_position_history_id, base_set_history_id) VALUES ('3b191980-fbd4-4079-9e3e-5ef3edd12696', 'abf96448-1a54-42c4-b771-122d713f6656');
INSERT INTO public.base_ex_to_position_history_base_sets_history (base_ex_to_position_history_id, base_set_history_id) VALUES ('3b191980-fbd4-4079-9e3e-5ef3edd12696', '9471807b-cf44-412d-9a13-1d9da15b92b4');
INSERT INTO public.base_ex_to_position_history_base_sets_history (base_ex_to_position_history_id, base_set_history_id) VALUES ('3b191980-fbd4-4079-9e3e-5ef3edd12696', 'c937fd60-ffa7-46a4-b74a-c7c51a551200');
INSERT INTO public.base_ex_to_position_history_base_sets_history (base_ex_to_position_history_id, base_set_history_id) VALUES ('92e58ccc-906c-449e-b00d-c9d7e47725f9', '991fc847-c0ab-4a08-a836-06473eeeb105');
INSERT INTO public.base_ex_to_position_history_base_sets_history (base_ex_to_position_history_id, base_set_history_id) VALUES ('92e58ccc-906c-449e-b00d-c9d7e47725f9', '1fbb4641-7288-4e23-837f-c3f2e464f2d7');
INSERT INTO public.base_ex_to_position_history_base_sets_history (base_ex_to_position_history_id, base_set_history_id) VALUES ('92e58ccc-906c-449e-b00d-c9d7e47725f9', '5aaee3cd-e4d3-493d-97b1-dff3a77ea871');
INSERT INTO public.base_ex_to_position_history_base_sets_history (base_ex_to_position_history_id, base_set_history_id) VALUES ('92e58ccc-906c-449e-b00d-c9d7e47725f9', '0bc88d0c-60e8-4a40-b7c2-992cef9ddfb5');
INSERT INTO public.base_ex_to_position_history_base_sets_history (base_ex_to_position_history_id, base_set_history_id) VALUES ('f1acfd3a-806d-41be-b445-ff7d022dbcd5', '22ea7731-1a8e-4e01-bc54-481813633aa0');
INSERT INTO public.base_ex_to_position_history_base_sets_history (base_ex_to_position_history_id, base_set_history_id) VALUES ('f1acfd3a-806d-41be-b445-ff7d022dbcd5', 'aed19468-8aa2-4615-9fa3-09e97de8d9e9');
INSERT INTO public.base_ex_to_position_history_base_sets_history (base_ex_to_position_history_id, base_set_history_id) VALUES ('f1acfd3a-806d-41be-b445-ff7d022dbcd5', 'b83a95b0-eac3-415b-af91-f84caf611de4');
INSERT INTO public.base_ex_to_position_history_base_sets_history (base_ex_to_position_history_id, base_set_history_id) VALUES ('f1acfd3a-806d-41be-b445-ff7d022dbcd5', 'dd8fb296-62c3-47a2-a60f-0286efbca089');
INSERT INTO public.base_ex_to_position_history_base_sets_history (base_ex_to_position_history_id, base_set_history_id) VALUES ('3a2c3113-3e46-4a26-81ac-19a09f937d12', '6866bae9-1f33-46d5-82a2-0a99472fa610');
INSERT INTO public.base_ex_to_position_history_base_sets_history (base_ex_to_position_history_id, base_set_history_id) VALUES ('3a2c3113-3e46-4a26-81ac-19a09f937d12', 'e81d7495-3de3-46a5-ae8b-18f9472d7b94');
INSERT INTO public.base_ex_to_position_history_base_sets_history (base_ex_to_position_history_id, base_set_history_id) VALUES ('3a2c3113-3e46-4a26-81ac-19a09f937d12', 'ac85b220-1752-4d8f-b924-39421df58e87');
INSERT INTO public.base_ex_to_position_history_base_sets_history (base_ex_to_position_history_id, base_set_history_id) VALUES ('3a2c3113-3e46-4a26-81ac-19a09f937d12', 'f2ed1112-d1a8-4265-9490-c05b9bf23655');
INSERT INTO public.base_ex_to_position_history_base_sets_history (base_ex_to_position_history_id, base_set_history_id) VALUES ('8865711e-4f7e-4048-a1e1-260655ae36cc', 'c8c524f4-ea6b-44d2-9538-85fc22f19164');
INSERT INTO public.base_ex_to_position_history_base_sets_history (base_ex_to_position_history_id, base_set_history_id) VALUES ('8865711e-4f7e-4048-a1e1-260655ae36cc', '8e628ca6-aff4-46d9-aba6-71d23a00459f');
INSERT INTO public.base_ex_to_position_history_base_sets_history (base_ex_to_position_history_id, base_set_history_id) VALUES ('8865711e-4f7e-4048-a1e1-260655ae36cc', 'c8813c4d-81ea-45a1-9031-b1854a38f7a9');
INSERT INTO public.base_ex_to_position_history_base_sets_history (base_ex_to_position_history_id, base_set_history_id) VALUES ('8865711e-4f7e-4048-a1e1-260655ae36cc', 'abbc9c8d-839e-43b8-85bb-79d3424e5808');
INSERT INTO public.base_ex_to_position_history_base_sets_history (base_ex_to_position_history_id, base_set_history_id) VALUES ('d0f2a05b-c01c-4ddd-9653-644dd1b5135c', '9f5f4422-5eeb-4938-bee1-5f178559bdd7');
INSERT INTO public.base_ex_to_position_history_base_sets_history (base_ex_to_position_history_id, base_set_history_id) VALUES ('d0f2a05b-c01c-4ddd-9653-644dd1b5135c', '74153dc3-9b88-4b9d-b48c-b19a28e3791d');
INSERT INTO public.base_ex_to_position_history_base_sets_history (base_ex_to_position_history_id, base_set_history_id) VALUES ('d0f2a05b-c01c-4ddd-9653-644dd1b5135c', 'b1a9498d-309e-4ed3-87d0-6f5d4a50e1e9');
INSERT INTO public.base_ex_to_position_history_base_sets_history (base_ex_to_position_history_id, base_set_history_id) VALUES ('d0f2a05b-c01c-4ddd-9653-644dd1b5135c', '54c6ca47-9c81-46e7-b105-96576ca82bcc');
INSERT INTO public.base_ex_to_position_history_base_sets_history (base_ex_to_position_history_id, base_set_history_id) VALUES ('5c935701-10aa-421b-aef3-778b39bf817b', 'f5ac40de-c7c1-4692-8d57-942b72c54205');
INSERT INTO public.base_ex_to_position_history_base_sets_history (base_ex_to_position_history_id, base_set_history_id) VALUES ('5c935701-10aa-421b-aef3-778b39bf817b', '8afd4a89-d5f8-47fd-b6cd-1b31b9bd2a47');
INSERT INTO public.base_ex_to_position_history_base_sets_history (base_ex_to_position_history_id, base_set_history_id) VALUES ('5c935701-10aa-421b-aef3-778b39bf817b', 'b17e3d29-7c07-44fc-b321-5be120c12d84');
INSERT INTO public.base_ex_to_position_history_base_sets_history (base_ex_to_position_history_id, base_set_history_id) VALUES ('5c935701-10aa-421b-aef3-778b39bf817b', '0e5113b9-07ea-4e6c-ad6c-0b7245c18fab');
INSERT INTO public.base_ex_to_position_history_base_sets_history (base_ex_to_position_history_id, base_set_history_id) VALUES ('fbc1185b-1b69-4858-b1aa-dc4e84a5c053', '10be1756-9244-4b92-a28d-d3c0d382c34d');
INSERT INTO public.base_ex_to_position_history_base_sets_history (base_ex_to_position_history_id, base_set_history_id) VALUES ('fbc1185b-1b69-4858-b1aa-dc4e84a5c053', '04f30251-5ac3-40d3-8f1b-f626167b390e');
INSERT INTO public.base_ex_to_position_history_base_sets_history (base_ex_to_position_history_id, base_set_history_id) VALUES ('fbc1185b-1b69-4858-b1aa-dc4e84a5c053', 'f2e00600-2ddd-4eff-9fa1-62f5a94a75d1');
INSERT INTO public.base_ex_to_position_history_base_sets_history (base_ex_to_position_history_id, base_set_history_id) VALUES ('fbc1185b-1b69-4858-b1aa-dc4e84a5c053', '75ebf7fc-3daf-47a1-96e9-11cdaaadb83d');
INSERT INTO public.base_ex_to_position_history_base_sets_history (base_ex_to_position_history_id, base_set_history_id) VALUES ('eadab2dd-ec59-4474-8dd2-a2a7b16a453a', '6d615050-bfa1-4440-89ff-1dd594cb1362');
INSERT INTO public.base_ex_to_position_history_base_sets_history (base_ex_to_position_history_id, base_set_history_id) VALUES ('eadab2dd-ec59-4474-8dd2-a2a7b16a453a', 'd3e4b410-9734-440f-a239-69ef86e00d92');
INSERT INTO public.base_ex_to_position_history_base_sets_history (base_ex_to_position_history_id, base_set_history_id) VALUES ('eadab2dd-ec59-4474-8dd2-a2a7b16a453a', '749f7eda-6f34-4d8d-b499-978e042d9d39');
INSERT INTO public.base_ex_to_position_history_base_sets_history (base_ex_to_position_history_id, base_set_history_id) VALUES ('eadab2dd-ec59-4474-8dd2-a2a7b16a453a', 'be0af252-babd-4c28-a6c0-e596312329d5');
INSERT INTO public.base_ex_to_position_history_base_sets_history (base_ex_to_position_history_id, base_set_history_id) VALUES ('63390e14-d255-4cc9-8e36-e34dbbc7a981', 'c620f226-04ac-41fc-916c-69fc9e9cc0ab');
INSERT INTO public.base_ex_to_position_history_base_sets_history (base_ex_to_position_history_id, base_set_history_id) VALUES ('63390e14-d255-4cc9-8e36-e34dbbc7a981', '8dc945c1-eeac-49d7-b9b9-b375a86fe739');
INSERT INTO public.base_ex_to_position_history_base_sets_history (base_ex_to_position_history_id, base_set_history_id) VALUES ('63390e14-d255-4cc9-8e36-e34dbbc7a981', '5aa1a2b5-a318-4d7f-b02f-15472e9e0fb9');
INSERT INTO public.base_ex_to_position_history_base_sets_history (base_ex_to_position_history_id, base_set_history_id) VALUES ('63390e14-d255-4cc9-8e36-e34dbbc7a981', '9e7b9930-88eb-4f3a-9271-f260c2c51369');
INSERT INTO public.base_ex_to_position_history_base_sets_history (base_ex_to_position_history_id, base_set_history_id) VALUES ('491559d8-f239-4642-a9ca-5d553af0fd2f', 'ac053a93-6a70-4f00-bc7e-f9200d98f25a');
INSERT INTO public.base_ex_to_position_history_base_sets_history (base_ex_to_position_history_id, base_set_history_id) VALUES ('491559d8-f239-4642-a9ca-5d553af0fd2f', '1476d378-175a-4d21-bb95-fcbbf45bf806');
INSERT INTO public.base_ex_to_position_history_base_sets_history (base_ex_to_position_history_id, base_set_history_id) VALUES ('491559d8-f239-4642-a9ca-5d553af0fd2f', 'aae4432f-6df1-4470-8afe-448c815c9045');
INSERT INTO public.base_ex_to_position_history_base_sets_history (base_ex_to_position_history_id, base_set_history_id) VALUES ('491559d8-f239-4642-a9ca-5d553af0fd2f', 'bb4da511-beb5-4b64-8142-c46ee01564a2');
INSERT INTO public.base_ex_to_position_history_base_sets_history (base_ex_to_position_history_id, base_set_history_id) VALUES ('0501e234-ec50-4930-bd8e-b62be3c68e08', '6cdfaf95-a573-4688-989e-c5bd56e2ba71');
INSERT INTO public.base_ex_to_position_history_base_sets_history (base_ex_to_position_history_id, base_set_history_id) VALUES ('0501e234-ec50-4930-bd8e-b62be3c68e08', '11b43d12-f538-44a2-a1ad-81eed9408e0c');
INSERT INTO public.base_ex_to_position_history_base_sets_history (base_ex_to_position_history_id, base_set_history_id) VALUES ('0501e234-ec50-4930-bd8e-b62be3c68e08', '92969470-2121-4f61-8ba3-0e53780e8297');
INSERT INTO public.base_ex_to_position_history_base_sets_history (base_ex_to_position_history_id, base_set_history_id) VALUES ('0501e234-ec50-4930-bd8e-b62be3c68e08', '694a4c64-b01e-46b9-95e2-1fe87982548d');
INSERT INTO public.base_ex_to_position_history_base_sets_history (base_ex_to_position_history_id, base_set_history_id) VALUES ('f05679cf-f29b-465f-a418-d6adb606dec2', '0aa46061-c19e-4322-9e2f-c92791e81442');
INSERT INTO public.base_ex_to_position_history_base_sets_history (base_ex_to_position_history_id, base_set_history_id) VALUES ('f05679cf-f29b-465f-a418-d6adb606dec2', '5ed5431b-8bc8-43d6-9ab6-7e14dda241bf');
INSERT INTO public.base_ex_to_position_history_base_sets_history (base_ex_to_position_history_id, base_set_history_id) VALUES ('f05679cf-f29b-465f-a418-d6adb606dec2', '5d82ddfc-845d-466f-9a7d-516f088e14e8');
INSERT INTO public.base_ex_to_position_history_base_sets_history (base_ex_to_position_history_id, base_set_history_id) VALUES ('f05679cf-f29b-465f-a418-d6adb606dec2', '73dbfe58-a38d-44f6-a626-0fbb2169385c');
INSERT INTO public.base_ex_to_position_history_base_sets_history (base_ex_to_position_history_id, base_set_history_id) VALUES ('8b9a2de8-c5ed-48bb-b8d2-6d361635f3f2', '328ec7a5-49cc-4d0b-b682-0c8de4de2adc');
INSERT INTO public.base_ex_to_position_history_base_sets_history (base_ex_to_position_history_id, base_set_history_id) VALUES ('8b9a2de8-c5ed-48bb-b8d2-6d361635f3f2', 'bc566b40-4273-4ccf-92ad-fb292461ecff');
INSERT INTO public.base_ex_to_position_history_base_sets_history (base_ex_to_position_history_id, base_set_history_id) VALUES ('8b9a2de8-c5ed-48bb-b8d2-6d361635f3f2', '426627a6-5eb5-413e-a582-d9001b28534d');
INSERT INTO public.base_ex_to_position_history_base_sets_history (base_ex_to_position_history_id, base_set_history_id) VALUES ('8b9a2de8-c5ed-48bb-b8d2-6d361635f3f2', 'aeccd2f7-10f2-4762-9d55-0df0b9f33bc2');
INSERT INTO public.base_ex_to_position_history_base_sets_history (base_ex_to_position_history_id, base_set_history_id) VALUES ('cadf0252-6095-4eb9-8dbb-75da98c4b8da', '79a4a43e-77eb-4194-a203-ddf850acccea');
INSERT INTO public.base_ex_to_position_history_base_sets_history (base_ex_to_position_history_id, base_set_history_id) VALUES ('cadf0252-6095-4eb9-8dbb-75da98c4b8da', 'be830614-ae32-43c3-b5fc-cdc9518bf075');
INSERT INTO public.base_ex_to_position_history_base_sets_history (base_ex_to_position_history_id, base_set_history_id) VALUES ('cadf0252-6095-4eb9-8dbb-75da98c4b8da', '6b211c89-4ac1-4e9f-a774-d3c03a9ca64c');
INSERT INTO public.base_ex_to_position_history_base_sets_history (base_ex_to_position_history_id, base_set_history_id) VALUES ('cadf0252-6095-4eb9-8dbb-75da98c4b8da', 'f9febbae-5213-43d8-a23c-1e6003399524');
INSERT INTO public.base_ex_to_position_history_base_sets_history (base_ex_to_position_history_id, base_set_history_id) VALUES ('dba79065-78cc-4370-b8bb-40c68b5b6828', 'c3aafdac-0663-4fc3-91c9-17c656a109ea');
INSERT INTO public.base_ex_to_position_history_base_sets_history (base_ex_to_position_history_id, base_set_history_id) VALUES ('dba79065-78cc-4370-b8bb-40c68b5b6828', '0b2c6d2f-3f68-449b-baeb-9469fcc26be7');
INSERT INTO public.base_ex_to_position_history_base_sets_history (base_ex_to_position_history_id, base_set_history_id) VALUES ('dba79065-78cc-4370-b8bb-40c68b5b6828', 'f7ba85ff-77b3-4975-b685-e44148e4fca3');
INSERT INTO public.base_ex_to_position_history_base_sets_history (base_ex_to_position_history_id, base_set_history_id) VALUES ('dba79065-78cc-4370-b8bb-40c68b5b6828', 'cf0c3435-8627-4dbe-ab42-8c2bf6b9ac43');
INSERT INTO public.base_ex_to_position_history_base_sets_history (base_ex_to_position_history_id, base_set_history_id) VALUES ('e80b156f-c50d-4e81-a49c-18fe51cbf1fc', 'eea4eb3b-4f9b-4fdd-8129-6f958a26c6f9');
INSERT INTO public.base_ex_to_position_history_base_sets_history (base_ex_to_position_history_id, base_set_history_id) VALUES ('e80b156f-c50d-4e81-a49c-18fe51cbf1fc', '27db6382-0931-4e63-8d7e-386d62d2d70b');
INSERT INTO public.base_ex_to_position_history_base_sets_history (base_ex_to_position_history_id, base_set_history_id) VALUES ('e80b156f-c50d-4e81-a49c-18fe51cbf1fc', '151b771f-a381-41de-9974-c0c4f8ec88a6');
INSERT INTO public.base_ex_to_position_history_base_sets_history (base_ex_to_position_history_id, base_set_history_id) VALUES ('e80b156f-c50d-4e81-a49c-18fe51cbf1fc', 'd5144cdf-3d36-418e-b64f-303fe52f829c');
INSERT INTO public.base_ex_to_position_history_base_sets_history (base_ex_to_position_history_id, base_set_history_id) VALUES ('3a8555f4-e6d3-45e7-96b4-3e380dc8c114', '8836edb9-aa80-4267-83f5-7b5e40672c49');
INSERT INTO public.base_ex_to_position_history_base_sets_history (base_ex_to_position_history_id, base_set_history_id) VALUES ('3a8555f4-e6d3-45e7-96b4-3e380dc8c114', '179eec44-b277-4b9a-90fe-24d72d7535e5');
INSERT INTO public.base_ex_to_position_history_base_sets_history (base_ex_to_position_history_id, base_set_history_id) VALUES ('3a8555f4-e6d3-45e7-96b4-3e380dc8c114', '805cad37-46a4-4c6d-be52-2c469303cea3');
INSERT INTO public.base_ex_to_position_history_base_sets_history (base_ex_to_position_history_id, base_set_history_id) VALUES ('3a8555f4-e6d3-45e7-96b4-3e380dc8c114', 'eccfa988-0887-4eef-9837-98677bdb8f37');
INSERT INTO public.base_ex_to_position_history_base_sets_history (base_ex_to_position_history_id, base_set_history_id) VALUES ('f6f86870-340f-4ded-aeb7-7a2c8bd11cc1', 'dcc120c7-9eea-4f73-aae1-607d61f6a8b1');
INSERT INTO public.base_ex_to_position_history_base_sets_history (base_ex_to_position_history_id, base_set_history_id) VALUES ('f6f86870-340f-4ded-aeb7-7a2c8bd11cc1', '7d5bdbd9-b166-4d2d-8f8a-da1edbb157b4');
INSERT INTO public.base_ex_to_position_history_base_sets_history (base_ex_to_position_history_id, base_set_history_id) VALUES ('f6f86870-340f-4ded-aeb7-7a2c8bd11cc1', '331458ad-a01e-480a-8624-112edb319596');
INSERT INTO public.base_ex_to_position_history_base_sets_history (base_ex_to_position_history_id, base_set_history_id) VALUES ('f6f86870-340f-4ded-aeb7-7a2c8bd11cc1', '9e8958aa-a8c9-4481-a0d8-745f0af8d9ac');
INSERT INTO public.base_ex_to_position_history_base_sets_history (base_ex_to_position_history_id, base_set_history_id) VALUES ('ce3e52a9-4db6-4760-86db-0dcbaf144c87', 'd94d9fe5-50f4-4edf-8478-865ab2d334bf');
INSERT INTO public.base_ex_to_position_history_base_sets_history (base_ex_to_position_history_id, base_set_history_id) VALUES ('ce3e52a9-4db6-4760-86db-0dcbaf144c87', '08c92a29-ead9-4703-8fe9-482f80b3e8c1');
INSERT INTO public.base_ex_to_position_history_base_sets_history (base_ex_to_position_history_id, base_set_history_id) VALUES ('ce3e52a9-4db6-4760-86db-0dcbaf144c87', 'c30b0016-db23-43f8-b5cf-3f242f506a60');
INSERT INTO public.base_ex_to_position_history_base_sets_history (base_ex_to_position_history_id, base_set_history_id) VALUES ('ce3e52a9-4db6-4760-86db-0dcbaf144c87', 'f52c5418-397d-42a5-94b7-c621da473818');
INSERT INTO public.base_ex_to_position_history_base_sets_history (base_ex_to_position_history_id, base_set_history_id) VALUES ('0b5d0c8c-3e38-4bd4-9f46-43899681420a', '7691fc28-3c42-4d01-a339-d3f8a2f4a69d');
INSERT INTO public.base_ex_to_position_history_base_sets_history (base_ex_to_position_history_id, base_set_history_id) VALUES ('0b5d0c8c-3e38-4bd4-9f46-43899681420a', '29e83948-7d84-45bf-901e-4c464c5a7b6d');
INSERT INTO public.base_ex_to_position_history_base_sets_history (base_ex_to_position_history_id, base_set_history_id) VALUES ('0b5d0c8c-3e38-4bd4-9f46-43899681420a', '58c629af-8e4a-40d3-af05-23085cb1aed2');
INSERT INTO public.base_ex_to_position_history_base_sets_history (base_ex_to_position_history_id, base_set_history_id) VALUES ('0b5d0c8c-3e38-4bd4-9f46-43899681420a', '487146b6-f3af-443b-9e0e-db3d8c7b4ce1');
INSERT INTO public.base_ex_to_position_history_base_sets_history (base_ex_to_position_history_id, base_set_history_id) VALUES ('315b81fe-7846-4708-bfcf-0c6367a07927', '0e15894e-9842-4454-99ac-c3ecbc27fc9b');
INSERT INTO public.base_ex_to_position_history_base_sets_history (base_ex_to_position_history_id, base_set_history_id) VALUES ('315b81fe-7846-4708-bfcf-0c6367a07927', 'd3ff2d80-890f-4c5e-95a8-116587382992');
INSERT INTO public.base_ex_to_position_history_base_sets_history (base_ex_to_position_history_id, base_set_history_id) VALUES ('315b81fe-7846-4708-bfcf-0c6367a07927', '86b32ce8-616a-49b2-9fea-adfd504966b6');
INSERT INTO public.base_ex_to_position_history_base_sets_history (base_ex_to_position_history_id, base_set_history_id) VALUES ('315b81fe-7846-4708-bfcf-0c6367a07927', '47e37ea7-385f-4b0b-a44f-e177a37b12b7');

INSERT INTO public.base_trainings_history (date_time, id, tr_status_id, user_id, description, name) VALUES ('2025-06-04 16:00:00.000000 +00:00', '8e0662ee-cb7c-4c89-a280-eb8466bb6e8c', 'd6ccfc2b-e1cc-4ee9-9f76-794cce1c6ae6', '626fc8ef-4b13-4b2d-80a7-55b41f971939', 'description', 'Сет з 3 вправ');
INSERT INTO public.base_trainings_history (date_time, id, tr_status_id, user_id, description, name) VALUES ('2025-06-06 16:00:00.000000 +00:00', '45fe350c-b03c-42bc-a47b-c7ef9067e76f', 'd6ccfc2b-e1cc-4ee9-9f76-794cce1c6ae6', '626fc8ef-4b13-4b2d-80a7-55b41f971939', 'description', 'Сет з 3 вправ');
INSERT INTO public.base_trainings_history (date_time, id, tr_status_id, user_id, description, name) VALUES ('2025-06-09 16:00:00.000000 +00:00', 'b04e15f1-f821-4583-b890-24dff3b3827e', 'd6ccfc2b-e1cc-4ee9-9f76-794cce1c6ae6', '626fc8ef-4b13-4b2d-80a7-55b41f971939', 'description', 'Сет з 3 вправ');
INSERT INTO public.base_trainings_history (date_time, id, tr_status_id, user_id, description, name) VALUES ('2025-06-11 16:00:00.000000 +00:00', '3e8870ef-616a-4df6-93f1-3f0b617aab03', 'd6ccfc2b-e1cc-4ee9-9f76-794cce1c6ae6', '626fc8ef-4b13-4b2d-80a7-55b41f971939', 'description', 'Сет з 3 вправ');
INSERT INTO public.base_trainings_history (date_time, id, tr_status_id, user_id, description, name) VALUES ('2025-06-13 16:00:00.000000 +00:00', '566d9ab1-ca43-4070-ba73-5bb15d10b49a', 'd6ccfc2b-e1cc-4ee9-9f76-794cce1c6ae6', '626fc8ef-4b13-4b2d-80a7-55b41f971939', 'description', 'Сет з 3 вправ');
INSERT INTO public.base_trainings_history (date_time, id, tr_status_id, user_id, description, name) VALUES ('2025-06-16 16:00:00.000000 +00:00', '619e5574-8e7b-41cc-bcd6-348202cc334c', 'd6ccfc2b-e1cc-4ee9-9f76-794cce1c6ae6', '626fc8ef-4b13-4b2d-80a7-55b41f971939', 'description', 'Сет з 3 вправ');
INSERT INTO public.base_trainings_history (date_time, id, tr_status_id, user_id, description, name) VALUES ('2025-06-18 16:00:00.000000 +00:00', '43985a94-b0d2-47d6-8ce6-397d55c76089', 'd6ccfc2b-e1cc-4ee9-9f76-794cce1c6ae6', '626fc8ef-4b13-4b2d-80a7-55b41f971939', 'description', 'Сет з 3 вправ');
INSERT INTO public.base_trainings_history (date_time, id, tr_status_id, user_id, description, name) VALUES ('2025-06-20 16:00:00.000000 +00:00', '7f51a895-cfd2-4175-8754-61b150857625', 'd6ccfc2b-e1cc-4ee9-9f76-794cce1c6ae6', '626fc8ef-4b13-4b2d-80a7-55b41f971939', 'description', 'Сет з 3 вправ');
INSERT INTO public.base_trainings_history (date_time, id, tr_status_id, user_id, description, name) VALUES ('2025-06-23 16:00:00.000000 +00:00', '28091480-1e6f-477a-896c-4fa918390ba3', 'd6ccfc2b-e1cc-4ee9-9f76-794cce1c6ae6', '626fc8ef-4b13-4b2d-80a7-55b41f971939', 'description', 'Сет з 3 вправ');
INSERT INTO public.base_trainings_history (date_time, id, tr_status_id, user_id, description, name) VALUES ('2025-06-25 16:00:00.000000 +00:00', 'b94e56e2-471d-4308-967b-6554f4aab3ff', 'd6ccfc2b-e1cc-4ee9-9f76-794cce1c6ae6', '626fc8ef-4b13-4b2d-80a7-55b41f971939', 'description', 'Сет з 3 вправ');
INSERT INTO public.base_trainings_history (date_time, id, tr_status_id, user_id, description, name) VALUES ('2025-06-27 16:00:00.000000 +00:00', '8e09696a-68f2-48e1-8745-8ff69bdeb49e', 'd6ccfc2b-e1cc-4ee9-9f76-794cce1c6ae6', '626fc8ef-4b13-4b2d-80a7-55b41f971939', 'description', 'Сет з 3 вправ');
INSERT INTO public.base_trainings_history (date_time, id, tr_status_id, user_id, description, name) VALUES ('2025-06-30 16:00:00.000000 +00:00', 'a270c8fd-ae34-4259-9858-52b9ec0597a0', 'd6ccfc2b-e1cc-4ee9-9f76-794cce1c6ae6', '626fc8ef-4b13-4b2d-80a7-55b41f971939', 'description', 'Сет з 3 вправ');


INSERT INTO public.base_trainings_history_base_ex_to_position (base_ex_to_position_history_id, base_training_id) VALUES ('46869e7f-7f13-4244-b6da-f3dbead0c425', '8e0662ee-cb7c-4c89-a280-eb8466bb6e8c');
INSERT INTO public.base_trainings_history_base_ex_to_position (base_ex_to_position_history_id, base_training_id) VALUES ('0fb053c8-c176-459c-a347-09428f8d84b3', '8e0662ee-cb7c-4c89-a280-eb8466bb6e8c');
INSERT INTO public.base_trainings_history_base_ex_to_position (base_ex_to_position_history_id, base_training_id) VALUES ('99c9050c-eccd-4d7f-8b28-0420d1edc982', '8e0662ee-cb7c-4c89-a280-eb8466bb6e8c');
INSERT INTO public.base_trainings_history_base_ex_to_position (base_ex_to_position_history_id, base_training_id) VALUES ('a70f1319-f700-4cce-b127-5b784fcb9d00', '45fe350c-b03c-42bc-a47b-c7ef9067e76f');
INSERT INTO public.base_trainings_history_base_ex_to_position (base_ex_to_position_history_id, base_training_id) VALUES ('601f8607-1e0d-4b5c-8c76-9648739706c7', '45fe350c-b03c-42bc-a47b-c7ef9067e76f');
INSERT INTO public.base_trainings_history_base_ex_to_position (base_ex_to_position_history_id, base_training_id) VALUES ('d61453eb-7c17-44fe-b42b-63a9f286ce17', '45fe350c-b03c-42bc-a47b-c7ef9067e76f');
INSERT INTO public.base_trainings_history_base_ex_to_position (base_ex_to_position_history_id, base_training_id) VALUES ('f36f5633-a5d7-4f91-a3f1-d7ca4834685b', 'b04e15f1-f821-4583-b890-24dff3b3827e');
INSERT INTO public.base_trainings_history_base_ex_to_position (base_ex_to_position_history_id, base_training_id) VALUES ('a6a1c7e7-a35e-4756-ab57-f89956c69048', 'b04e15f1-f821-4583-b890-24dff3b3827e');
INSERT INTO public.base_trainings_history_base_ex_to_position (base_ex_to_position_history_id, base_training_id) VALUES ('d2030c46-39cd-4533-9b05-0a8409a6c6a5', 'b04e15f1-f821-4583-b890-24dff3b3827e');
INSERT INTO public.base_trainings_history_base_ex_to_position (base_ex_to_position_history_id, base_training_id) VALUES ('ddbb7851-6675-4bc8-8028-191f0f9fa9d9', '3e8870ef-616a-4df6-93f1-3f0b617aab03');
INSERT INTO public.base_trainings_history_base_ex_to_position (base_ex_to_position_history_id, base_training_id) VALUES ('aca7451a-07b0-47bb-ba47-42ffb4774169', '3e8870ef-616a-4df6-93f1-3f0b617aab03');
INSERT INTO public.base_trainings_history_base_ex_to_position (base_ex_to_position_history_id, base_training_id) VALUES ('80ea66bb-8f32-47e8-bb9a-2613c67a10d3', '3e8870ef-616a-4df6-93f1-3f0b617aab03');
INSERT INTO public.base_trainings_history_base_ex_to_position (base_ex_to_position_history_id, base_training_id) VALUES ('4019475d-b2b2-4c33-ae97-0ae35cc86275', '566d9ab1-ca43-4070-ba73-5bb15d10b49a');
INSERT INTO public.base_trainings_history_base_ex_to_position (base_ex_to_position_history_id, base_training_id) VALUES ('936d7d41-ad6f-4c3c-87a4-31c12611a0d5', '566d9ab1-ca43-4070-ba73-5bb15d10b49a');
INSERT INTO public.base_trainings_history_base_ex_to_position (base_ex_to_position_history_id, base_training_id) VALUES ('3b191980-fbd4-4079-9e3e-5ef3edd12696', '566d9ab1-ca43-4070-ba73-5bb15d10b49a');
INSERT INTO public.base_trainings_history_base_ex_to_position (base_ex_to_position_history_id, base_training_id) VALUES ('92e58ccc-906c-449e-b00d-c9d7e47725f9', '619e5574-8e7b-41cc-bcd6-348202cc334c');
INSERT INTO public.base_trainings_history_base_ex_to_position (base_ex_to_position_history_id, base_training_id) VALUES ('f1acfd3a-806d-41be-b445-ff7d022dbcd5', '619e5574-8e7b-41cc-bcd6-348202cc334c');
INSERT INTO public.base_trainings_history_base_ex_to_position (base_ex_to_position_history_id, base_training_id) VALUES ('3a2c3113-3e46-4a26-81ac-19a09f937d12', '619e5574-8e7b-41cc-bcd6-348202cc334c');
INSERT INTO public.base_trainings_history_base_ex_to_position (base_ex_to_position_history_id, base_training_id) VALUES ('8865711e-4f7e-4048-a1e1-260655ae36cc', '43985a94-b0d2-47d6-8ce6-397d55c76089');
INSERT INTO public.base_trainings_history_base_ex_to_position (base_ex_to_position_history_id, base_training_id) VALUES ('d0f2a05b-c01c-4ddd-9653-644dd1b5135c', '43985a94-b0d2-47d6-8ce6-397d55c76089');
INSERT INTO public.base_trainings_history_base_ex_to_position (base_ex_to_position_history_id, base_training_id) VALUES ('5c935701-10aa-421b-aef3-778b39bf817b', '43985a94-b0d2-47d6-8ce6-397d55c76089');
INSERT INTO public.base_trainings_history_base_ex_to_position (base_ex_to_position_history_id, base_training_id) VALUES ('fbc1185b-1b69-4858-b1aa-dc4e84a5c053', '7f51a895-cfd2-4175-8754-61b150857625');
INSERT INTO public.base_trainings_history_base_ex_to_position (base_ex_to_position_history_id, base_training_id) VALUES ('eadab2dd-ec59-4474-8dd2-a2a7b16a453a', '7f51a895-cfd2-4175-8754-61b150857625');
INSERT INTO public.base_trainings_history_base_ex_to_position (base_ex_to_position_history_id, base_training_id) VALUES ('63390e14-d255-4cc9-8e36-e34dbbc7a981', '7f51a895-cfd2-4175-8754-61b150857625');
INSERT INTO public.base_trainings_history_base_ex_to_position (base_ex_to_position_history_id, base_training_id) VALUES ('491559d8-f239-4642-a9ca-5d553af0fd2f', '28091480-1e6f-477a-896c-4fa918390ba3');
INSERT INTO public.base_trainings_history_base_ex_to_position (base_ex_to_position_history_id, base_training_id) VALUES ('0501e234-ec50-4930-bd8e-b62be3c68e08', '28091480-1e6f-477a-896c-4fa918390ba3');
INSERT INTO public.base_trainings_history_base_ex_to_position (base_ex_to_position_history_id, base_training_id) VALUES ('f05679cf-f29b-465f-a418-d6adb606dec2', '28091480-1e6f-477a-896c-4fa918390ba3');
INSERT INTO public.base_trainings_history_base_ex_to_position (base_ex_to_position_history_id, base_training_id) VALUES ('8b9a2de8-c5ed-48bb-b8d2-6d361635f3f2', 'b94e56e2-471d-4308-967b-6554f4aab3ff');
INSERT INTO public.base_trainings_history_base_ex_to_position (base_ex_to_position_history_id, base_training_id) VALUES ('cadf0252-6095-4eb9-8dbb-75da98c4b8da', 'b94e56e2-471d-4308-967b-6554f4aab3ff');
INSERT INTO public.base_trainings_history_base_ex_to_position (base_ex_to_position_history_id, base_training_id) VALUES ('dba79065-78cc-4370-b8bb-40c68b5b6828', 'b94e56e2-471d-4308-967b-6554f4aab3ff');
INSERT INTO public.base_trainings_history_base_ex_to_position (base_ex_to_position_history_id, base_training_id) VALUES ('e80b156f-c50d-4e81-a49c-18fe51cbf1fc', '8e09696a-68f2-48e1-8745-8ff69bdeb49e');
INSERT INTO public.base_trainings_history_base_ex_to_position (base_ex_to_position_history_id, base_training_id) VALUES ('3a8555f4-e6d3-45e7-96b4-3e380dc8c114', '8e09696a-68f2-48e1-8745-8ff69bdeb49e');
INSERT INTO public.base_trainings_history_base_ex_to_position (base_ex_to_position_history_id, base_training_id) VALUES ('f6f86870-340f-4ded-aeb7-7a2c8bd11cc1', '8e09696a-68f2-48e1-8745-8ff69bdeb49e');
INSERT INTO public.base_trainings_history_base_ex_to_position (base_ex_to_position_history_id, base_training_id) VALUES ('ce3e52a9-4db6-4760-86db-0dcbaf144c87', 'a270c8fd-ae34-4259-9858-52b9ec0597a0');
INSERT INTO public.base_trainings_history_base_ex_to_position (base_ex_to_position_history_id, base_training_id) VALUES ('0b5d0c8c-3e38-4bd4-9f46-43899681420a', 'a270c8fd-ae34-4259-9858-52b9ec0597a0');
INSERT INTO public.base_trainings_history_base_ex_to_position (base_ex_to_position_history_id, base_training_id) VALUES ('315b81fe-7846-4708-bfcf-0c6367a07927', 'a270c8fd-ae34-4259-9858-52b9ec0597a0');
